Question,Role,Answer,timestamp
Summarize latest policy updates ?,user,1. This is the latest update of the Company's policy on sexual harassment.,2025-12-18 21:28:10.243662
Latest Policy Update ?,admin,"'
 1. Latest policy update ? - Not found in provided documents.",2025-12-18 21:46:44.237480
How to download the manuals ?,user,"To download manuals, follow these steps:
1. Go to the website of the manufacturer or service provider who offers the manuals.
2. Look for a link that says ""Download Manual"" or ""Manual Download"".
3. Click on the link and wait for the manual to load.
4. Once loaded, select the specific manual you want to download.
5. Choose where you want to save the manual on your computer.
6. Follow any additional instructions provided by the website, such as agreeing to terms of use or creating an account.",2025-12-18 22:10:01.389773
Latest Policy on Electronic Communication,admin,"The latest policy on electronic communication from MD is to monitor, intercept, read or otherwise access all email communications and internet use necessary to preserve the security and interests of the company. Before purchasing a notebook, you are responsible for ensuring that you have the correct Office licence installed on your computer at the start of y",2025-12-29 15:00:36.610359
Latest Policy on Electronic Communication,admin,"The latest policy on electronic communication from MD is to monitor, intercept, read or otherwise access all email communications and internet use necessary to preserve the security and interests of the company. Before purchasing a notebook, you are responsible for ensuring that you have the correct Office licence installed on your computer at the start of y",2025-12-29 15:14:16.068686
Policy on sick leave,user,"The policy on sick leave is as follows:

Document 1: If you fall sick while on annual leave, you are required to inform your employer and take appropriate medical treatment. You must also return to work once you have recovered.

Document 2: In case of prolonged illness, it is important to keep the employer informed about your condition and follow up with regular check-ins at regular intervals until you are fully fit again.

Document 3: Sick leave is granted to ensure that employees do not fall sick while on duty or to ensure their speedy return to health and work. Adherence to performance standards, meeting of deadlines, proper conduct, and protection of the employer and others from the consequences of your condition are also important considerations.",2025-12-30 15:11:02.116023
